Keyword,Appearances
medium,7
2024,6
ai,4
mlops,3
ml,3
using,2
serving,2
science,2
sagemaker,2
llmss,2
integrate,2
inference,2
guide,2
drift,2
deploy,2
data,2
comprehensive,2
unlocking,1
transformer,1
system,1
store,1
step,1
serverless,1
sentence,1
seldon,1
retrieval,1
ram,1
programming,1
pipelines,1
pills,1
orchestration,1
optimum,1
one,1
need,1
model,1
measure,1
machine,1
llms,1
learning,1
langchain,1
kubeflow,1
james,1
infer,1
impact,1
gpt4all,1
govtech,1
generation,1
friday,1
freaky,1
frameworks,1
feature,1
example,1
embeddings,1
efficiently,1
decorator,1
databricks,1
custom,1
cost,1
control,1
better,1
aws,1
augmented,1
architecture,1
applications,1
analyticsgov,1
airflow,1
accelerating,1
2023,1
